revenue,marketcap,earnings,operating-margin,employees
574.78,1966.0,40.73,-1.15%,1500.0
198.32,64.75,6.16,2.55%,826.608
152.48,42.5,4.91,2.55%,450.679
61.85,170.42,8.69,3.08%,288.3
59.64,21.53,3.17,4.87%,232.527
130.8,187.12,17.3,16.82%,224.955
227.58,3179.0,101.21,42.14%,221.0
307.39,1991.0,86.02,25.49%,182.381
30.04,29.02,2.86,9.36%,180.775
52.51,338.72,14.66,18.02%,164.0
385.7,2702.0,121.41,30.20%,161.0
39.69,129.97,5.97,13.81%,135.0
88.42,88.53,5.38,5.44%,133.0
96.77,556.06,10.12,14.35%,127.855
4.47,5.72,0.66,10.64%,127.0
54.22,160.18,1.64,12.31%,120.3
24.33,20.16,1.45,5.84%,118.527
88.97,103.81,7.96,9.51%,113.0
33.86,216.71,7.21,17.72%,106.495
85.0,376.92,35.41,40.35%,105.309
25.01,16.75,-1.79,9.06%,101.351
19.26,24.16,1.62,9.73%,93.289
37.29,81.23,1.69,,91.932
16.02,45.3,2.55,14.45%,90.0
14.98,43.32,2.13,13.06%,87.0
24.16,18.97,2.02,9.12%,86.896
57.23,200.55,16.48,28.07%,84.9
55.66,13.18,1.6,,77.0
11.22,34.89,1.92,17.13%,73.164
2.7,2.38,0.2,7.69%,73.045
4.61,5.09,0.29,16.24%,71.034
34.85,290.17,4.95,3.15%,70.843
12.25,41.59,-5.92,-159.16%,69.0
134.9,1333.0,47.87,23.79%,66.185
12.89,31.67,0.82,-4.83%,63.8
17.67,100.4,4.6,25.80%,63.0
24.38,34.18,0.63,2.36%,63.0
28.08,23.31,2.09,4.22%,60.2
3.72,0.69,-0.34,-9.04%,59.0
17.41,45.3,4.15,24.74%,58.59
53.11,28.6,3.7,7.05%,58.0
4.69,15.41,0.53,13.83%,54.6
17.28,38.43,4.81,30.04%,51.37
36.29,195.44,8.73,33.93%,50.0
6.41,4.96,0.37,,49.69
0.42,9.32,-0.13,-16.36%,47.208
15.43,17.09,0.61,7.62%,47.0
8.4,57.03,0.42,,45.0
18.31,141.2,-3.68,31.11%,43.0
18.98,36.08,4.01,8.17%,41.3
19.09,90.42,3.89,17.37%,41.0
14.47,76.42,1.55,10.68%,40.548
29.9,391.61,10.02,34.36%,39.85
13.27,62.66,3.79,28.71%,34.5
26.48,176.96,8.36,29.47%,34.3
8.45,3.3,0.41,4.06%,34.0
64.04,11.59,1.85,7.15%,33.716
6.47,18.6,-0.64,-6.71%,33.4
37.41,50.73,3.16,4.65%,33.038
17.51,155.8,7.77,50.08%,33.0
3.13,1.35,0.32,10.75%,32.75
5.53,32.92,1.96,13.14%,32.202
14.58,12.22,-0.95,-10.66%,32.079
37.28,158.57,2.32,-1.09%,32.0
6.5,8.24,0.5,10.26%,31.3
14.43,63.38,3.58,25.13%,31.119
8.25,30.34,2.53,28.71%,31.0
14.55,1.46,-10.24,-6.72%,30.0
4.94,10.17,0.66,13.86%,30.0
29.77,70.52,5.41,17.73%,29.9
0.64,3.64,0.03795,7.51%,29.346
19.93,216.95,6.27,34.12%,29.239
3.34,9.24,0.5,23.74%,29.235
5.5,15.2,1.33,23.76%,27.6
2.09,8.64,0.21,11.22%,27.505
9.65,31.76,1.83,16.39%,27.0
60.92,2265.0,34.07,18.73%,26.196
11.56,98.5,3.32,25.79%,26.0
4.62,7.77,-0.37,-1.51%,26.0
1.38,5.29,-0.11,4.46%,25.696
15.49,27.22,0.26,,25.445
22.68,275.55,0.59,5.01%,25.0
6.46,56.07,1.51,23.04%,24.753
3.09,2.45,0.23,9.15%,24.539
5.69,9.61,0.68,14.76%,24.05
3.4,3.02,0.49,16.96%,23.9
3.33,5.67,0.57,20.74%,23.743
21.36,124.3,5.48,28.69%,23.45
3.86,24.44,0.65,16.04%,22.68
8.54,48.24,2.96,35.50%,22.6
6.32,21.71,1.39,,21.619
3.55,1.25,-0.72,-1.29%,21.0
10.34,31.02,3.03,30.47%,20.996
6.17,35.95,1.43,19.47%,20.921
24.55,23.66,-0.05641,-29.59%,20.87
1.97,2.87,-0.66,9.09%,20.665
8.97,158.12,1.03,6.99%,20.433
6.88,2.14,-0.028,-3.32%,20.1
38.86,640.66,14.74,46.04%,20.0
7.57,20.72,2.76,38.06%,20.0
357.77,87.9,13.83,1.80%,219.0
144.59,15.59,-13.67,3.00%,206.0
93.02,358.55,16.97,22.88%,152.7
61.71,7.74,2.38,,114.766
71.88,198.61,16.74,25.80%,103.605
51.01,192.83,9.43,17.27%,101.703
51.73,28.78,0.61,9.20%,100.873
50.35,119.5,8.39,18.21%,91.573
45.81,215.32,8.49,5.63%,83.5
58.49,149.15,3.26,34.61%,83.0
37.84,83.96,7.53,22.54%,69.4
60.11,319.49,3.03,27.73%,67.0
32.58,3.86,1.26,,67.0
22.77,71.84,3.77,17.82%,63.297
33.81,559.5,15.42,39.02%,61.412
12.9,17.37,0.77,10.63%,60.0
14.94,21.45,-0.047,-19.01%,60.0
54.31,296.61,6.25,18.65%,50.0
29.34,42.61,2.28,14.33%,49.095
5.68,17.35,1.69,,43.8
8.12,25.77,0.62,7.18%,41.15
34.12,722.19,6.55,24.66%,39.0
5.64,44.32,1.27,21.62%,38.0
15.42,13.74,0.77,17.29%,38.0
45.0,99.55,8.44,19.24%,34.3
15.84,15.54,0.4,-20.53%,34.004
14.19,22.61,1.05,12.03%,33.482
13.17,88.77,2.66,28.87%,32.065
3.85,6.54,2.06,,26.272
3.02,13.55,0.63,19.66%,25.927
3.28,12.14,0.85,24.69%,25.863
28.19,144.69,7.85,34.59%,25.2
6.84,5.46,0.36,11.25%,24.0
2.24,11.61,0.46,16.11%,23.0
2.31,8.86,0.29,9.13%,20.933
3.17,38.86,0.6,18.47%,20.636
8.22,3.27,-0.41,0.07%,19.9
2.22,3.69,0.18,,18.447
6.73,44.19,1.56,23.27%,18.0
4.09,10.28,-1.21,4.60%,18.0
10.58,57.95,1.38,11.08%,17.435
27.11,85.6,6.85,26.84%,17.0
1.5,6.79,0.23,13.48%,16.966
0.89,12.03,0.23,30.49%,16.543
0.86,4.07,0.12,13.51%,16.167
3.33,7.65,0.49,11.18%,15.431
1.48,3.56,-0.03905,9.57%,15.415
1.69,3.93,0.32,12.16%,15.0
0.72,2.31,0.07556,7.31%,14.593
10.86,18.38,0.12,9.75%,14.484
8.54,74.5,2.93,34.39%,13.8
1.24,10.45,0.3,22.91%,13.247
13.11,101.01,4.19,37.68%,12.463
2.21,7.47,0.77,35.09%,12.397
3.43,4.86,0.44,,12.167
5.29,11.31,0.52,8.71%,11.076
2.94,28.37,0.69,21.20%,10.7
1.36,12.14,0.42,,10.523
2.45,15.85,-1.21,-88.19%,10.0
6.26,4.67,0.67,14.29%,10.0
4.41,7.27,-1.2,-2.33%,9.0
4.65,4.23,0.16,-3.12%,8.9
2.25,4.59,0.11,8.74%,8.784
9.83,29.6,1.29,31.30%,8.725
2.87,5.07,0.28,,8.7
2.17,5.19,0.34,,8.612
5.8,23.9,0.48,9.26%,8.6
7.85,56.25,3.12,36.82%,7.771
4.45,3.87,0.23,4.97%,7.673
2.39,1.75,-0.04027,-10.89%,7.6
1.85,4.64,0.28,14.89%,7.176
0.23,0.87,0.04597,13.90%,6.336
0.93,2.19,0.05789,6.60%,6.295
2.33,1.05,-0.97,8.85%,6.25
0.21,0.38,0.01716,13.25%,6.0
0.79,1.21,0.01648,3.62%,6.0
3.02,9.41,0.5,12.36%,5.982
1.88,12.37,0.33,18.96%,5.8
0.59,2.85,0.03351,13.96%,5.753
2.89,4.69,0.44,15.51%,5.7
2.98,13.72,1.36,52.11%,5.68
4.15,20.68,1.0,66.14%,5.5
0.41,0.3,0.12,4.87%,5.5
1.3,3.36,0.18,14.51%,5.459
3.65,9.65,0.84,22.37%,5.325
0.82,2.53,-0.11,-18.88%,5.086
9.86,103.44,4.42,47.39%,4.8
0.58,3.45,0.11,25.62%,4.752
2.18,10.98,0.58,27.27%,4.369
2.13,3.45,0.28,0.16%,4.144
0.46,2.09,0.18,21.21%,4.025
6.75,40.49,-3.91,5.44%,3.9
3.49,7.33,1.16,32.08%,3.761
0.69,6.74,0.18,25.42%,3.7
1.51,4.15,0.17,17.79%,3.633
1.29,4.98,0.29,28.50%,3.574
1.05,0.29,0.00332,,3.39
0.75,4.74,0.29,33.72%,3.243
1.14,10.73,0.26,27.25%,3.2
2.41,17.54,0.18,4.83%,3.082
65.52,10.38,4.97,,131.817
22.75,5.63,0.78,3.16%,131.0
31.94,27.31,1.23,3.82%,115.0
20.76,8.54,0.25,1.92%,103.3
10.55,16.76,0.92,4.59%,98.54
0.4,2.8,0.29,72.11%,80.372
62.4,1.73,0.77,,69.932
30.02,21.38,8.04,,55.311
7.22,14.32,2.9,40.26%,55.0
9.49,2.25,0.25,3.73%,52.0
2.78,1.83,0.18,,40.433
9.08,27.01,3.63,40.88%,40.0
36.33,8.12,6.64,,31.565
9.14,0.15,-2.55,,30.418
9.48,9.74,2.55,29.12%,29.6
4.33,6.91,0.2,5.32%,29.0
12.14,2.6,1.28,13.51%,28.0
16.52,30.64,2.28,14.79%,24.408
7.68,5.71,0.68,8.79%,21.614
0.0197,3.22,0.00513,,19.594
4.33,5.65,0.3,6.49%,19.0
3.64,24.27,-0.41,-19.19%,18.5
10.49,1.91,1.57,,18.4
12.1,7.15,0.77,6.03%,17.851
0.54,2.2,0.02068,1.23%,15.928
2.41,1.95,0.13,8.80%,15.8
5.65,22.04,-9.2,-155.22%,15.798
2.67,6.81,-0.2,0.79%,15.174
10.16,3.66,0.38,6.52%,13.353
8.18,72.29,1.52,11.41%,13.046
6.81,18.35,1.69,24.50%,12.957
9.93,25.26,1.6,18.35%,10.655
1.18,10.03,1.11,,10.0
3.27,14.51,1.52,46.52%,9.95
2.24,1.21,0.17,,9.192
0.99,5.71,0.41,28.89%,9.024
5.63,0.59,0.029,-6.51%,8.89
4.66,0.57,0.32,,8.648
1.87,2.62,0.66,35.42%,7.7
2.47,2.48,0.12,6.42%,7.4
3.17,15.68,-0.22,7.96%,7.199
1.51,8.67,0.85,47.02%,7.0
2.25,1.65,0.06086,5.21%,7.0
11.14,83.67,2.91,16.06%,6.391
2.31,9.84,0.02897,1.25%,6.2
1.94,10.31,-0.16,-9.08%,6.148
2.07,5.12,0.75,32.37%,6.098
1.77,11.39,1.31,74.44%,6.0
4.51,47.94,2.17,97.81%,5.9
2.45,36.89,0.28,22.29%,5.653
1.13,1.09,0.0076,-6.17%,5.639
1.08,0.71,-0.13,-14.44%,5.572
6.98,42.02,1.52,24.11%,5.0
2.56,30.78,1.3,48.96%,4.781
2.64,7.49,1.52,56.78%,4.721
26.14,16.2,5.22,42.32%,4.351
1.15,14.35,0.23,4.82%,4.2
1.4,11.93,0.45,20.88%,4.2
0.62,0.11,-0.45,-40.46%,4.2
1.32,4.65,0.86,60.78%,4.148
0.8,0.36,0.09296,11.50%,3.9
5.47,45.41,1.02,9.03%,3.412
4.88,1.75,-0.31,-9.74%,3.191
2.25,0.68,0.49,,3.098
0.57,1.71,0.03342,4.37%,3.0
0.4,1.31,0.15,,2.977
1.84,6.59,-0.18,24.88%,2.932
2.76,26.13,0.93,46.88%,2.859
1.05,9.96,0.41,37.68%,2.804
1.59,9.29,-0.98,-60.80%,2.8
6.94,1.59,-0.28,-10.93%,2.57
1.3,10.89,-4.94,11.69%,2.531
5.65,54.24,3.55,47.92%,2.5
8.02,110.08,4.08,61.78%,2.466
0.69,26.93,0.21,27.01%,2.417
2.87,23.41,1.07,30.93%,2.4
0.39,8.89,0.12,36.74%,2.391
2.14,15.35,0.57,29.07%,2.387
0.49,3.28,0.37,,2.266
0.82,4.59,0.81,,2.237
3.16,1.7,0.52,16.66%,2.1
0.22,0.06274,-0.0306,-17.64%,2.025
4.28,1.49,-0.01344,0.02%,2.016
6.13,5.77,0.94,20.47%,1.921
2.71,21.82,0.54,20.19%,1.834
1.39,2.3,-0.46,21.97%,1.826
1.68,3.54,0.66,27.79%,1.8
1.62,14.85,0.43,26.73%,1.794
1.66,15.9,0.64,26.30%,1.77
0.31,5.09,0.43,,1.764
1.34,5.95,-2.0,-160.93%,1.75
1.19,5.63,-0.13,43.82%,1.738
0.77,2.68,0.41,56.61%,1.722
0.11,0.6,-0.008,-94.02%,1.711
1.51,2.19,-3.12,-26.21%,1.705
0.57,0.06351,-0.25,-31.16%,1.695
1.54,10.45,0.41,14.47%,1.65
1.85,7.04,0.34,52.92%,1.6
0.4,2.83,0.49,85.80%,1.56
2.89,0.87,0.13,,1.526
149.14,41.93,71.31,31.91%,468.0
424.78,249.76,36.9,17.10%,398.44
473.53,100.1,15.55,3.13%,374.791
15.49,12.1,-7.76,-39.87%,113.0
218.94,170.75,36.96,16.43%,101.279
33.13,74.41,5.78,15.20%,99.0
316.61,232.54,32.62,13.26%,91.14
495.34,1955.0,236.96,49.37%,70.0
210.13,110.69,27.62,6.38%,67.6
84.47,19.58,10.06,15.06%,64.494
334.69,474.23,52.78,19.97%,62.0
25.5,33.24,2.87,9.07%,57.0
7.81,14.11,1.04,13.43%,56.222
12.09,7.29,1.1,,56.114
23.01,35.16,4.0,10.39%,48.0
105.47,101.9,41.96,43.00%,45.149
98.33,14.96,3.05,0.48%,44.617
196.91,294.54,30.05,19.83%,43.846
15.95,9.59,1.31,,35.598
8.58,7.76,0.7,7.29%,32.307
101.73,53.46,11.04,13.03%,32.188
94.87,28.04,5.39,1.76%,31.254
24.93,7.99,1.65,,30.916
15.83,19.92,4.18,32.07%,30.2
8.72,5.07,-1.82,-1.62%,29.437
15.35,5.62,0.55,20.14%,28.657
29.06,73.2,7.78,14.78%,27.859
25.25,74.98,4.34,12.59%,27.423
77.52,40.0,9.18,7.75%,27.165
24.42,35.49,0.69,2.10%,26.01
25.74,6.53,2.29,10.16%,24.955
81.17,20.49,6.47,9.55%,23.77
106.84,82.59,37.88,52.75%,21.936
65.48,122.26,28.03,,21.245
28.77,8.87,-0.47,,20.59
42.83,15.59,5.43,14.71%,20.336
7.82,11.3,0.32,2.07%,20.301
34.77,24.05,10.94,34.19%,18.903
5.13,8.5,0.5,7.37%,18.5
148.37,75.22,15.25,11.40%,17.8
38.43,48.5,8.9,21.11%,16.558
27.5,6.85,0.53,,16.0
20.55,10.02,2.44,10.46%,15.963
16.72,43.45,2.62,12.76%,15.785
6.21,9.78,0.73,,15.151
61.03,9.75,2.18,1.69%,14.363
6.63,4.28,0.54,,13.53
5.43,5.21,0.19,-5.01%,13.359
147.39,69.02,10.39,9.97%,13.0
78.58,51.93,8.17,10.12%,12.565
3.0,0.75,0.12,-0.02%,12.0
28.25,61.17,7.37,38.53%,11.973
3.06,1.74,0.03507,,11.473
32.58,72.65,5.89,12.77%,11.1
15.33,40.23,4.25,24.70%,10.525
2.84,2.01,0.2,,10.5
4.88,3.54,0.68,11.11%,10.482
25.33,5.78,0.96,2.79%,10.156
30.46,84.85,7.58,21.77%,10.035
7.16,2.4,0.51,6.15%,10.0
56.14,153.64,16.28,30.86%,9.8
144.76,57.17,12.36,8.67%,9.716
25.68,6.05,0.65,2.74%,9.2
3.95,3.38,0.11,,9.199
51.52,8.12,2.96,3.05%,9.065
53.59,15.57,4.65,5.25%,8.594
1.51,2.15,0.02489,3.64%,7.8
3.53,2.99,1.15,18.50%,7.58
11.89,37.46,4.92,9.17%,7.477
0.91,1.17,0.02887,10.30%,7.4
2.82,4.12,0.6,1.50%,7.1
23.38,13.19,3.43,12.84%,6.715
4.14,4.7,0.3,12.72%,6.5
3.84,5.86,0.45,10.65%,6.261
3.66,7.93,1.05,33.68%,6.256
24.87,22.33,1.85,6.10%,6.104
4.75,2.49,0.42,5.98%,6.08
26.06,11.22,2.56,10.12%,6.043
21.52,8.58,0.73,3.40%,6.0
41.39,39.1,3.75,8.29%,5.998
0.87,0.83,-0.06058,5.09%,5.968
2.03,4.41,1.2,,5.944
20.0,7.96,0.84,1.86%,5.818
36.04,37.47,4.79,16.57%,5.3
1.15,5.51,0.34,,5.275
31.96,11.82,2.34,10.30%,5.223
8.29,4.91,-0.007,2.02%,5.16
10.9,46.39,5.64,23.18%,5.043
2.83,5.06,-0.95,-35.25%,5.04
2.36,0.76,-0.05202,-2.91%,4.9
1.44,1.02,0.19,7.72%,4.802
16.47,15.83,1.1,5.23%,4.754
4.74,3.73,0.73,14.69%,4.58
13.99,36.86,3.27,54.55%,4.427
34.0,1.6,0.61,5.62%,4.251
48.71,12.44,2.0,2.47%,4.1
1.78,5.12,0.0842,8.77%,3.933
2.58,6.96,0.51,16.06%,3.8
2.37,3.51,0.27,10.33%,3.8
16.91,2.02,0.0518,2.15%,3.746
648.12,484.92,24.53,2.78%,2100.0
574.78,1930.0,40.73,-1.15%,1500.0
152.66,339.99,21.86,14.27%,470.0
152.48,40.23,4.91,2.55%,450.679
107.41,76.98,5.29,3.08%,440.0
150.03,39.93,2.83,2.24%,430.0
96.19,26.76,2.49,3.41%,414.0
79.31,26.72,1.2,1.52%,330.0
52.32,106.61,5.54,9.28%,329.0
35.91,,2.08,3.98%,325.0
248.82,323.88,9.24,3.45%,316.0
93.87,11.64,1.48,2.37%,305.309
86.37,132.15,11.65,9.30%,300.0
48.36,69.08,4.14,8.55%,232.905
130.8,176.22,17.3,16.82%,224.955
44.41,32.86,2.78,6.12%,221.0
357.77,86.58,13.83,1.80%,219.0
9.17,2.7,-0.0893,-0.97%,218.0
144.59,15.39,-13.67,3.00%,206.0
42.56,25.49,1.53,3.44%,200.364
38.69,32.5,2.11,7.98%,170.0
66.27,18.51,1.52,1.95%,160.404
39.07,143.57,7.46,17.52%,154.519
37.98,7.74,0.39,,152.0
22.75,5.64,0.78,3.16%,131.0
67.93,52.72,3.77,,128.0
17.0,4.8,0.61,3.75%,120.866
26.79,13.99,1.0,3.83%,120.0
28.74,49.02,2.41,9.31%,120.0
33.2,12.47,1.09,3.30%,111.321
79.16,11.74,1.62,2.28%,107.3
22.17,24.28,1.33,2.52%,101.103
20.37,45.59,2.54,10.63%,101.0
15.71,11.65,0.98,6.24%,97.0
17.47,2.52,0.71,-0.32%,97.0
14.88,8.4,0.55,0.36%,95.0
23.86,5.29,0.12,5.36%,94.57
5.79,0.74,0.0929,,90.0
32.85,2.01,0.86,1.77%,86.91
7.02,7.55,0.29,4.13%,85.954
10.04,7.35,0.56,5.18%,84.319
81.33,34.11,2.0,3.10%,84.154
13.3,6.4,0.62,1.81%,81.679
16.13,5.81,0.91,,77.701
12.5,7.65,0.54,,75.149
9.99,15.39,0.85,,71.581
17.83,51.25,3.29,17.89%,71.4
12.64,3.75,0.59,5.47%,70.0
30.6,27.28,-0.89,6.69%,65.025
14.77,6.48,0.58,,64.0
24.38,37.89,0.63,2.36%,63.0
14.69,3.11,0.28,2.16%,60.0
20.12,84.37,3.32,15.80%,59.871
6.85,8.82,0.38,4.76%,57.295
43.45,16.79,1.62,3.67%,52.2
6.95,2.48,0.39,3.45%,51.275
14.55,26.43,1.43,9.67%,50.0
4.53,2.73,0.19,,47.487
5.95,0.36,-0.0663,0.82%,46.073
24.07,1.09,0.13,,42.863
7.42,2.37,-0.46,-4.08%,40.0
6.17,6.25,0.54,,39.484
6.17,8.89,0.41,6.98%,37.386
9.61,42.35,2.2,16.43%,34.0
19.96,10.24,0.79,3.96%,34.0
26.07,4.17,1.47,,32.943
6.21,14.31,1.07,,32.324
6.98,4.46,0.82,,32.0
10.34,5.36,0.57,3.81%,32.0
6.83,6.3,0.35,5.24%,31.0
6.18,1.39,0.14,6.57%,30.0
4.83,0.1,-0.38,3.76%,30.0
7.82,0.77,-0.11,-3.65%,29.959
7.17,4.26,0.63,9.08%,29.66
6.15,0.46,-1.1,3.18%,29.0
12.06,14.47,1.02,9.42%,28.9
1.83,3.48,0.17,,28.493
29.52,10.05,1.41,5.80%,28.0
2.76,2.99,0.25,10.59%,26.233
10.0,1.3,-2.0,-0.89%,25.999
6.68,1.28,0.14,4.05%,25.205
7.83,1.84,0.22,2.72%,25.0
10.91,0.42,0.51,-15.85%,24.683
2.08,3.77,0.22,9.82%,23.87
6.41,1.68,0.28,4.30%,23.114
4.69,1.65,0.14,3.24%,23.0
8.7,0.85,0.02144,3.30%,22.182
6.15,4.39,0.7,12.49%,22.0
1.5,2.69,0.14,11.70%,22.0
31.03,7.28,1.36,5.15%,21.875
1.14,0.0172,-0.4,-34.42%,21.839
1.8,2.21,0.24,,20.443
9.85,3.58,0.46,,20.0
1.77,1.45,0.07707,,20.0
6.05,1.96,0.29,,19.956
3.58,3.63,-0.39,,19.744
3.15,5.95,0.38,11.85%,19.0
6.09,17.28,0.89,15.26%,18.909
11.2,21.35,1.69,15.77%,18.5
2.22,3.63,0.18,,18.447
371.62,407.23,29.11,8.02%,400.0
113.29,85.31,17.02,16.49%,344.223
80.56,27.53,2.86,6.69%,177.852
104.29,109.13,13.05,11.27%,159.253
45.82,26.97,43.81,32.72%,104.502
99.33,73.55,4.91,5.72%,104.036
171.34,115.72,8.74,5.62%,102.3
117.86,84.77,1.79,4.82%,102.238
134.68,80.66,7.36,9.35%,94.705
22.73,97.75,5.02,20.35%,85.0
86.32,37.35,4.54,6.52%,82.061
153.99,37.83,4.32,3.08%,74.3
195.18,99.23,6.95,5.18%,71.3
38.56,3.02,0.19,0.50%,68.386
106.37,37.68,3.87,4.58%,67.1
64.46,22.52,2.87,3.25%,60.997
67.33,71.1,6.22,,60.0
8.78,22.28,1.84,5.90%,56.031
62.08,119.42,5.17,4.31%,55.1
57.09,43.99,0.031,-5.75%,54.0
13.37,61.07,3.65,25.29%,50.0
32.72,20.55,3.48,7.69%,48.956
25.8,25.65,5.9,,47.04
10.07,51.2,1.48,15.51%,46.758
9.48,26.61,1.51,16.71%,46.0
66.52,50.71,3.2,5.42%,45.0
48.08,61.7,5.26,8.09%,43.217
66.91,59.56,6.17,7.70%,42.562
31.58,42.8,4.82,13.19%,40.0
49.82,99.79,9.52,14.22%,40.0
54.52,39.42,3.07,-3.58%,39.583
44.75,28.69,3.45,5.43%,38.584
13.04,10.41,3.49,20.93%,38.279
11.68,30.1,4.52,42.87%,35.235
10.23,9.75,9.37,21.74%,32.564
11.0,15.92,0.16,1.77%,32.448
22.67,7.38,1.55,6.86%,31.293
20.39,27.41,2.27,8.42%,31.0
3.93,6.3,0.46,39.22%,30.905
41.36,50.64,3.74,7.10%,30.0
37.43,2.46,3.25,,29.861
24.59,30.07,3.34,12.11%,29.169
11.95,4.0,0.57,4.66%,29.0
17.39,28.37,1.35,14.74%,28.5
47.23,50.31,3.85,27.25%,26.2
10.87,6.94,1.13,,25.661
42.09,15.58,1.83,,24.364
14.82,19.06,3.06,7.02%,24.0
11.52,13.28,0.69,6.22%,21.759
6.53,2.65,0.44,6.46%,21.2
5.99,5.9,0.4,6.21%,21.153
15.71,18.67,2.65,17.44%,20.9
14.15,17.9,0.23,2.18%,20.787
15.08,9.0,0.92,-1.13%,20.016
21.39,7.56,0.86,4.44%,19.776
13.66,18.76,0.73,31.50%,19.3
24.32,29.06,3.28,11.47%,18.8
12.01,11.15,-2.02,-10.09%,18.5
5.71,12.42,1.12,23.18%,17.901
9.44,10.85,0.12,1.28%,17.822
0.79,4.01,-0.44,-20.65%,16.332
6.62,1.45,0.49,,15.991
4.19,23.36,1.14,24.06%,15.201
34.07,22.06,1.57,4.10%,15.0
129.28,24.81,,-17.78%,14.671
43.74,33.66,4.37,,14.408
5.2,4.43,0.13,3.08%,13.926
11.13,9.06,0.91,5.33%,13.7
9.51,21.04,1.7,17.24%,13.492
14.83,8.3,0.63,15.15%,13.388
10.65,7.08,0.76,7.22%,13.276
9.69,13.33,2.25,10.87%,13.0
6.11,3.83,0.71,,13.0
2.38,9.83,0.29,11.75%,12.865
17.44,17.22,1.83,6.92%,12.479
10.52,12.14,0.96,9.17%,12.3
22.44,12.58,2.71,7.55%,11.917
14.87,8.09,0.84,6.74%,11.781
0.38,6.78,-0.00067,-10.85%,11.694
11.7,4.8,-0.82,-15.62%,11.316
0.59,0.91,0.45,-12.23%,11.0
1.8,9.85,0.56,,11.0
12.3,9.65,1.64,13.60%,10.665
17.93,6.05,0.78,8.18%,10.336
1.97,11.89,0.7,44.39%,9.713
7.25,8.08,0.74,10.60%,9.5
6.22,3.1,0.66,,9.387
23.03,18.85,2.41,10.50%,8.856
5.04,4.33,0.9,28.44%,8.586
12.11,21.07,1.88,14.85%,8.186
4.91,3.6,-0.3,-4.82%,8.1
1.93,2.7,0.41,30.81%,8.076
7.72,10.82,1.14,15.37%,6.9
5.86,12.08,0.73,11.98%,6.805
-39.31,6.27,-2.47,,6.8
13.12,11.74,1.64,10.46%,6.1
3.31,20.07,0.56,14.68%,5.97
13.29,34.25,3.38,16.86%,5.8
13.72,6.37,0.89,7.59%,5.5
10.01,18.58,2.27,17.52%,5.148
37.83,46.28,2.13,,550.0
96.19,26.75,2.49,3.41%,414.0
10.97,14.6,1.22,10.91%,400.0
35.91,,2.08,3.98%,325.0
17.05,11.95,-2.87,4.58%,315.147
111.03,266.74,15.1,11.91%,275.0
18.66,8.38,1.25,6.31%,262.55
30.53,9.57,-0.02174,2.40%,260.0
44.85,17.25,2.58,6.34%,221.285
11.2,18.26,1.32,11.35%,187.384
22.66,18.11,2.23,10.52%,146.296
18.06,32.58,2.04,16.85%,140.403
52.94,20.62,-0.58,7.78%,139.0
24.08,22.54,1.63,,133.0
6.45,0.62,0.2,,132.783
22.75,5.64,0.78,3.16%,131.0
58.2,121.21,8.07,17.20%,126.988
9.87,81.1,1.63,15.81%,110.0
21.11,9.03,1.36,,104.0
25.49,193.67,10.52,41.16%,100.0
42.64,16.23,2.62,,100.0
10.63,5.38,-0.01975,-5.21%,100.0
7.33,3.6,1.26,15.61%,91.359
36.01,89.7,5.88,14.05%,91.0
16.71,39.46,5.5,6.62%,88.843
4.67,2.3,0.32,7.59%,87.0
4.63,9.93,0.35,7.92%,82.0
4.5,12.33,0.3,,73.987
77.51,37.46,3.27,2.54%,72.0
4.24,2.0,0.21,3.02%,64.323
9.12,6.19,0.66,,64.302
17.36,8.52,0.56,5.87%,61.2
6.95,2.48,0.39,3.45%,51.275
2.39,2.8,0.06712,-2.32%,48.8
3.43,1.7,0.1,2.44%,47.5
13.42,8.08,0.94,,47.329
0.42,8.96,-0.13,-16.36%,47.208
3.66,2.04,0.1,,42.0
2.1,6.75,0.46,,41.229
93.93,30.59,4.94,5.13%,40.36
5.22,15.13,0.57,10.81%,38.37
5.26,3.06,0.26,8.12%,38.344
8.24,1.1,0.28,1.43%,37.422
26.64,44.44,3.63,14.09%,37.0
4.46,7.98,0.75,18.82%,35.138
57.87,10.76,0.82,1.16%,35.0
9.86,18.78,1.09,11.16%,34.615
20.17,37.37,3.08,15.62%,34.0
6.83,6.49,0.35,5.24%,31.0
14.99,11.57,1.36,7.50%,30.538
13.12,18.94,1.04,6.86%,30.0
24.28,3.41,0.96,1.32%,30.0
7.82,0.77,-0.11,-3.65%,29.959
0.64,3.63,0.03795,7.51%,29.346
11.74,28.6,-0.53,7.51%,29.306
4.32,1.2,0.0165,3.26%,29.168
35.59,12.77,0.67,1.38%,29.0
1.83,3.48,0.17,,28.493
10.47,7.66,0.49,,28.022
1.3,0.09362,-0.02076,-6.08%,24.335
6.49,7.02,0.68,9.30%,24.259
6.2,2.56,0.32,,24.142
1.68,2.52,-0.041,-1.04%,23.5
59.54,14.63,3.56,3.07%,23.0
8.86,14.87,0.9,7.97%,23.0
2.63,1.25,0.12,3.09%,22.45
1.33,0.76,0.0101,0.15%,22.225
7.01,0.73,0.15,2.79%,21.797
12.13,18.58,1.09,10.25%,20.0
3.58,3.63,-0.39,,19.744
8.24,1.19,0.11,2.08%,19.595
1.02,0.62,0.01836,1.80%,19.555
11.0,2.91,1.17,8.81%,19.387
12.88,8.01,0.43,4.95%,19.2
7.45,62.86,1.72,22.72%,18.97
12.11,14.01,1.47,8.95%,18.6
11.16,37.94,2.33,18.39%,18.075
1.85,2.07,0.19,,18.0
1.07,0.63,-0.11,,18.0
15.14,2.72,1.1,4.76%,17.993
9.72,0.64,0.11,0.72%,17.5
7.72,6.07,0.7,10.81%,17.29
8.63,56.94,-0.54,-16.72%,16.8
0.39,2.36,0.03053,10.59%,15.685
5.04,8.15,0.55,9.71%,15.227
6.78,7.25,0.97,13.68%,14.6
9.27,12.61,1.2,11.38%,14.5
6.69,19.28,0.83,12.96%,14.2
2.87,2.76,0.17,,14.2
6.18,26.64,0.93,14.52%,14.0
3.63,2.02,0.00356,-5.97%,14.0
5.71,3.25,-2.19,-102.19%,13.775
9.64,7.79,0.6,5.34%,13.754
2.87,3.62,0.35,,13.51
2.05,3.41,0.24,10.23%,13.278
8.16,7.22,0.83,9.28%,12.0
2.13,2.03,0.14,3.98%,12.0
0.89,1.36,0.03607,2.54%,12.0
2.36,13.35,-0.47,-88.90%,11.934
4.4,4.87,0.31,7.12%,11.823
5.22,28.01,1.2,22.13%,19.7
8.24,1.19,0.11,2.08%,19.595
1.97,2.77,-0.66,9.09%,19.409
11.14,8.06,0.04823,0.54%,19.4
5.2,6.52,0.12,,19.186
0.99,1.06,0.0943,13.18%,19.182
6.13,84.99,1.48,21.95%,19.0
4.94,3.55,0.35,8.80%,18.79
7.25,69.66,0.47,-1.27%,18.369
15.09,173.89,3.61,22.08%,18.2
8.54,13.92,0.79,15.71%,18.004
3.41,5.26,-0.24,-2.79%,18.0
1.2,2.98,-0.13,-16.83%,17.964
5.9,26.46,1.46,22.80%,17.252
13.04,119.3,3.35,27.74%,17.204
14.31,125.47,3.91,29.31%,17.2
8.63,56.94,-0.54,-16.72%,16.8
12.83,17.78,1.26,11.48%,16.5
2.01,0.38,-0.32,-22.47%,16.2
11.02,7.35,0.16,0.97%,16.161
7.55,4.65,0.4,5.64%,16.043
6.17,57.34,1.74,25.72%,15.8
12.0,7.26,-0.73,-8.58%,15.745
4.05,3.21,0.06337,13.31%,15.701
5.34,27.07,1.33,26.56%,15.0
1.06,0.01578,0.02409,-22.88%,15.0
9.67,92.06,3.11,36.10%,15.0
3.2,2.53,0.0873,-3.22%,15.0
4.63,,-0.29,-22.67%,14.834
1.63,0.77,0.008029999999999999,18.09%,14.403
7.52,90.16,0.87,4.55%,14.182
7.63,28.3,1.91,20.01%,14.0
5.71,3.25,-2.19,-102.19%,13.775
5.34,50.69,1.09,18.90%,13.7
5.3,50.7,1.35,24.90%,13.618
7.65,34.19,1.51,19.06%,13.4
8.18,72.29,1.52,11.41%,13.046
28.07,160.87,7.85,29.66%,12.992
33.72,272.11,7.02,16.64%,12.8
21.91,49.29,-0.02915,-1.51%,12.428
2.12,16.28,0.66,31.81%,12.237
6.18,21.01,1.26,16.75%,12.0
2.36,13.35,-0.47,-88.90%,11.934
3.79,14.87,0.51,15.48%,11.825
0.95,1.81,0.1,15.41%,11.761
0.38,6.78,-0.00067,-10.85%,11.694
0.42,5.78,0.12,29.81%,11.639
7.06,90.1,0.18,-31.67%,11.6
2.62,4.91,-1.02,-165.82%,11.6
1.53,5.57,-0.03914,12.43%,11.6
10.11,26.85,3.97,-16.34%,11.6
5.39,25.14,-1.62,-25.01%,11.58
2.66,14.7,0.34,,11.326
3.89,55.66,-0.26,-8.80%,11.151
3.17,4.98,-0.67,-26.28%,11.092
5.56,11.88,0.34,8.71%,10.901
6.74,3.93,0.64,11.00%,10.761
6.69,102.7,3.59,54.68%,10.58
7.17,12.33,0.67,11.02%,10.563
1.65,8.77,0.5,32.17%,10.533
4.58,14.88,0.46,9.41%,10.5
4.08,83.37,1.31,29.34%,10.2
3.81,15.85,0.67,18.19%,10.111
1.39,1.02,-0.01602,2.10%,9.801
4.64,16.29,0.97,24.28%,9.75
1.2,2.76,0.07429,-1.40%,9.257
14.37,60.2,-0.56,-6.08%,9.241
3.52,20.02,0.17,2.63%,9.0
1.28,1.69,0.1,9.72%,8.904
3.46,10.75,-0.16,-0.20%,8.5
4.52,18.95,0.83,3.36%,8.484
2.71,1.01,-0.6,,8.239
3.29,2.82,0.37,15.17%,8.219
4.15,11.07,-0.4,-18.24%,8.156
3.98,26.44,0.12,-4.19%,8.0
0.83,0.83,0.13,10.76%,8.0
2.37,14.7,0.46,15.83%,7.926
1.11,0.13,-0.53,-27.65%,7.9
3.05,74.74,0.12,-5.23%,7.745
0.97,5.44,-5.88,-286.94%,7.743
2.18,9.76,-0.78,-51.32%,7.703
3.78,42.84,2.08,,7.7
1.75,7.1,0.22,18.72%,7.669
1.21,0.14,-0.0591,-6.17%,7.588
1.43,2.92,-0.23,1.79%,7.5
0.98,4.83,0.2,,7.498
2.17,34.56,-0.16,-9.47%,7.478
2.98,13.32,0.94,41.00%,7.467
2.9,1.03,-0.5,-21.06%,7.461
5.5,60.75,-0.76,-3.21%,7.418
4.24,13.44,0.51,10.21%,7.4
2.76,12.09,0.1,-2.00%,7.336
11.97,58.95,4.81,39.17%,7.317
1.95,17.54,0.22,10.13%,7.301
1.71,1.7,0.1,,7.3
2.18,21.52,0.33,18.52%,7.231
2.16,12.21,0.5,24.30%,7.12
1.18,4.37,0.21,,7.116
1.83,3.54,0.14,8.19%,7.0
4.25,18.03,0.58,11.80%,6.91
0.84,1.36,0.11,14.39%,3.035
2.01,7e-05,-2.4,-129.15%,2.861
0.57,0.63,0.0634,,2.813
3.83,6.89,0.29,-6.99%,2.8
0.7,3.93,0.09754,10.54%,2.74
1.21,2.76,0.19,16.73%,2.702
1.93,0.00452,-1.16,-76.35%,2.673
0.34,2.33,0.1,28.70%,2.651
0.46,0.92,0.01433,-5.19%,2.647
1.02,0.1,-0.65,17.53%,2.5
0.57,1.2,0.0779,,2.455
0.12,5.46,-0.21,,2.341
3.69,12.09,0.83,15.90%,2.324
1.66,4.17,0.44,-15.04%,2.28
0.77,1.45,0.18,-2.17%,2.228
1.03,1.9,0.22,21.14%,2.186
0.84,0.68,0.04333,,2.138
2.39,19.31,0.81,35.34%,2.132
0.26,1.51,-0.34,-156.07%,2.036
1.82,18.77,-0.32,-108.63%,2.002
0.9,4.48,0.23,29.21%,1.993
0.69,0.6,-0.53,-149.57%,1.992
0.26,3.05,-0.23,-96.25%,1.99
0.58,0.15,-0.04066,-61.26%,1.955
0.68,6.61,0.14,21.08%,1.926
0.21,0.44,0.01739,6.29%,1.906
0.99,1.83,0.08882,0.46%,1.846
2.1,7.88,0.39,22.32%,1.791
0.16,0.36,-0.0178,-2.01%,1.771
0.28,10.0,-0.53,-339.08%,1.7
0.46,1.04,0.1,22.62%,1.69
0.19,0.09115,0.01144,2.63%,1.669
0.64,1.92,0.19,24.29%,1.615
0.7,1.47,-1.42,-70.12%,1.6
0.18,1.02,0.05074,12.80%,1.554
0.61,1.58,0.04372,13.86%,1.554
0.32,0.55,0.03363,9.47%,1.45
0.25,0.87,0.05237,16.61%,1.412
0.93,2.02,-0.7,-84.20%,1.402
1.88,13.54,0.33,14.36%,1.4
1.03,1.67,0.24,11.62%,1.351
0.25,2.06,0.00425,-26.07%,1.338
0.43,3.86,-0.55,-162.16%,1.311
1.83,6.91,0.25,11.86%,1.31
0.25,2.26,-0.9,-394.97%,1.292
0.06670999999999999,0.29,0.01325,17.87%,1.214
0.35,1.01,-0.06440000000000001,,1.181
1.24,11.53,-0.53,-88.19%,1.162
1.09,2.79,0.039,,1.0
2.32,11.18,1.33,49.09%,0.985
0.06427,0.016530000000000003,-0.55,-792.37%,0.949
0.09143,3.42,-0.52,-504.80%,0.917
0.04594,0.65,-0.33,-587.24%,0.904
0.12,9.0,4.3,"-1,800.85%",0.904
1.22,22.93,-0.31,-177.55%,0.843
0.15,0.48,-0.04077,-17.25%,0.815
0.29,8.55,-0.46,-609.82%,0.797
0.78,6.08,-0.26,-43.95%,0.796
0.17,0.43,-0.22,-101.94%,0.79
0.31,4.91,-0.13,-37.53%,0.783
0.39,6.72,-0.53,-356.37%,0.767
0.09106,0.14,0.01484,19.10%,0.763
0.3,4.04,-0.68,-195.69%,0.736
0.16,0.59,-0.08137,-34.43%,0.719
0.19,1.3,0.04368,5.34%,0.704
0.13,0.18,-0.06848,-37.31%,0.689
0.08645,0.92,-0.55,"-5,932.08%",0.689
0.28,2.11,0.61,35.25%,0.67
0.00062,4.1,-0.46,"-147,405.00%",0.67
0.24,5.34,-0.51,-244.45%,0.661
0.03802,1.28,-0.18,-22.01%,0.63
0.25,1.41,-0.00322,-30.26%,0.617
0.6,1.65,0.00518,9.10%,0.612
0.48,1.42,0.01987,-9.64%,0.6
0.03627,2.33,-0.49,-854.92%,0.598
0.14,0.12,-0.29,-266.12%,0.592
0.03819,4.11,-0.77,"-5,953.35%",0.587
0.03543,0.16,0.0049,19.97%,0.584
0.16,2.85,-0.03905,-22.82%,0.582
0.72,2.82,-0.05104,-19.22%,0.58
0.46,6.57,-0.14,-50.58%,0.561
0.06353,0.67,-0.2,-191.80%,0.551
0.04387,1.97,-0.34,-542.32%,0.55
0.25,2.73,-0.21,38.06%,0.544
0.06028,0.32,-0.14,-603.96%,0.534
0.23,0.43,-0.31,-212.04%,0.534
0.15,0.18,-0.16,-9.71%,0.533
0.33,0.98,-0.23,-77.02%,0.531
1.93,0.39,0.03174,1.68%,0.529
0.18,3.06,-0.29,-71.00%,0.525
0.17,0.51,-0.00135,12.06%,0.515
0.00118,3.45,-0.47,,0.503
0.27,3.27,-0.24,-99.99%,0.502
0.01584,0.22,-0.31,-120.45%,0.501
0.39,3.15,-0.16,-55.07%,0.484
0.02485,0.61,-0.21,-231.17%,0.481
0.17,0.11,-0.12,-160.78%,0.478
0.19,0.5,-0.35,-130.82%,0.462
0.37,5.14,-0.16,-249.11%,0.458
0.37,2.11,-0.18,-470.92%,0.439
2.43,21.19,0.52,18.77%,1.511
0.21,0.23,0.07069,32.76%,1.435
3.16,7.55,1.05,29.88%,1.347
1.55,10.49,2.28,78.16%,1.332
1.02,3.49,0.06188,9.05%,1.33
1.62,13.03,0.66,6.12%,1.317
0.37,0.82,0.45,-1.55%,1.289
0.84,5.71,0.17,102.36%,1.266
0.2,0.93,0.05757,33.24%,1.248
0.83,2.81,0.19,20.44%,1.218
0.14,0.54,-0.02757,-18.88%,1.2
0.65,0.8,0.29,44.92%,1.182
1.38,0.73,0.17,,1.177
1.13,7.27,-0.49,0.00%,1.145
0.91,3.33,-0.6,-53.22%,1.137
1.83,1.95,-1.29,13.69%,1.124
0.45,0.38,0.07237,,1.123
0.55,5.17,-0.5,187.07%,1.079
0.79,5.43,-0.21,0.35%,1.076
0.32,0.08429,-0.12,-69.39%,1.062
1.52,7.23,0.53,35.04%,1.031
0.84,3.04,0.14,41.42%,1.01
1.06,5.02,-2.34,141.93%,0.997
0.31,0.78,0.00409,7.30%,0.978
1.28,39.3,1.32,193.86%,0.971
0.35,2.82,0.28,,0.946
0.58,6.53,0.31,53.04%,0.934
0.66,3.75,0.07211,24.78%,0.923
0.6,1.4,-0.09201,16.54%,0.912
1.31,0.19,-0.12,-7.85%,0.9
0.64,1.25,-0.03952,7.63%,0.887
0.95,0.91,0.05207,3.23%,0.885
0.09129,0.4,0.01168,9.14%,0.857
0.15,0.17,-0.3,-189.91%,0.85
0.55,1.95,-0.74,56.34%,0.81
0.21,1.39,-0.008,-16.90%,0.8
1.14,1.34,-0.16,-8.80%,0.784
1.51,0.61,0.12,,0.784
3.27,9.51,0.29,25.56%,0.78
0.82,5.57,0.82,0.00%,0.75
1.02,2.66,0.13,9.71%,0.75
0.27,2.05,0.25,,0.75
0.33,4.9,0.33,0.00%,0.703
0.69,7.67,1.24,0.00%,0.699
2.15,6.75,0.24,13.09%,0.689
0.38,3.32,0.1,34.14%,0.68
0.73,2.56,0.18,25.62%,0.667
0.88,3.61,-0.28,-9.76%,0.65
0.52,4.38,0.91,,0.647
0.54,9.49,0.26,50.63%,0.646
0.39,1.24,-0.0059,,0.641
1.78,12.2,0.64,24.58%,0.639
0.23,1.29,0.15,37.62%,0.636
0.72,2.34,0.42,58.08%,0.63
0.43,0.0318,-1.11,-155.87%,0.619
0.5,2.79,0.51,22.79%,0.609
0.77,7.14,0.09058,67.20%,0.609
0.97,0.4,0.11,9.53%,0.6
0.41,1.47,0.35,46.03%,0.6
0.24,1.65,-0.09521,0.00%,0.6
0.32,0.24,-0.0058,11.26%,0.594
2.89,21.31,0.35,29.44%,0.593
0.36,1.25,-0.00487,28.43%,0.585
1.34,5.47,-0.29,-13.64%,0.583
0.05502,1.22,-8e-05,17.41%,0.58
0.97,5.87,-0.78,,0.577
1.02,3.28,-0.56,18.33%,0.565
0.83,3.89,0.17,19.58%,0.565
0.25,2.16,0.14,56.99%,0.543
0.93,5.84,-1.23,-91.86%,0.521
0.23,2.55,0.09328,,0.515
6.63,51.07,0.35,3.27%,0.514
1.24,6.45,0.49,44.46%,0.5
0.44,1.55,-0.07783,-17.54%,0.486
0.42,0.96,0.05564,12.58%,0.477
0.92,7.26,-1.99,22.32%,0.473
0.16,0.21,-0.05559,-52.86%,0.468
0.18,0.25,0.15,82.17%,0.467
0.22,1.07,0.04032,27.45%,0.46
1.2,0.43,0.04454,6.46%,0.454
0.02141,0.76,-0.00959,8.00%,0.453
4.49,17.3,0.53,-1.40%,0.451
1.32,10.87,0.52,39.87%,0.44
0.17,1.3,0.11,0.00%,0.435
0.66,5.09,0.26,60.28%,0.429
0.95,14.28,-0.34,,0.425
0.53,1.4,0.25,,0.424
0.26,0.97,0.04923,17.12%,0.421
1.05,4.77,0.23,16.86%,0.419
0.8,7.92,1.01,,0.414
0.53,0.7,0.17,21.47%,0.395
4.07,44.79,1.68,27.44%,0.391
0.32,2.35,0.0334,,0.372
0.51,2.33,0.016030000000000003,-0.69%,0.372
0.09455,2.9,-0.16,-195.94%,0.37
0.42,1.69,-0.42,-8.61%,0.362
0.52,0.37,-0.01949,-3.71%,0.36
0.2,1.09,0.08016,-99.79%,0.349
0.83,2.64,0.28,19.77%,0.349
0.45,3.2,-0.28,9.41%,0.347
2.76,5.93,0.52,,3.619
38.32,7.11,2.88,9.72%,3.616
2.6,3.22,0.24,11.20%,3.589
5.88,16.38,1.81,25.57%,3.55
13.88,2.64,0.77,8.65%,3.519
1.07,0.33,0.0199,,3.515
2.4,4.38,0.63,26.25%,3.398
15.29,21.3,8.94,64.32%,3.364
1.39,1.23,0.17,9.33%,3.24
14.42,3.03,1.11,9.65%,3.083
1.83,0.36,0.05955,2.44%,3.052
9.69,6.28,0.67,6.80%,3.045
2.33,3.56,0.3,14.43%,2.982
17.67,45.93,3.49,16.57%,2.966
16.49,1.55,0.16,2.04%,2.86
23.18,77.82,9.83,33.57%,2.85
16.06,25.52,1.94,10.35%,2.85
0.78,0.37,0.02539,2.03%,2.738
1.61,1.69,0.25,18.08%,2.732
1.5,3.65,0.37,0.00%,2.576
2.32,1.59,0.14,6.80%,2.475
13.58,17.52,8.87,,2.462
6.87,20.11,1.98,34.83%,2.349
23.06,4.5,0.43,1.68%,2.302
1.46,0.66,0.55,-41.38%,2.3
1.28,1.77,0.02887,-10.46%,2.28
8.27,12.52,3.21,51.77%,2.273
2.15,38.77,0.06007,,2.269
2.04,4.9,0.72,31.22%,2.24
6.15,2.34,0.19,3.40%,2.124
1.05,1.45,0.03969,-6.23%,2.1
3.17,1.44,0.38,-6.41%,2.088
19.37,63.26,6.42,40.80%,2.076
3.1,13.14,1.38,45.91%,2.022
1.63,0.92,0.12,2.15%,2.0
0.63,0.27,0.0345,5.86%,2.0
0.68,2.74,0.15,,1.948
5.39,2.81,2.46,,1.824
15.25,33.92,4.99,40.56%,1.8
0.88,0.12,0.0222,-0.31%,1.779
1.36,1.96,0.55,-45.04%,1.75
10.88,14.75,2.51,29.03%,1.713
17.47,3.68,0.02503,2.79%,1.705
10.51,47.2,2.94,32.50%,1.623
0.86,0.66,1.0,,1.582
6.4,16.62,1.91,39.59%,1.57
0.74,0.63,0.03336,-2.96%,1.54
1.42,2.99,0.2,12.28%,1.53
4.18,1.23,0.27,-8.21%,1.53
0.77,1.48,0.21,-15.92%,1.504
0.73,0.24,-0.00782,2.32%,1.5
8.05,1.59,0.54,6.81%,1.486
9.24,3.53,1.13,7.35%,1.47
0.66,0.99,0.15,,1.449
0.98,3.81,0.59,85.46%,1.396
0.86,0.66,0.09083,28.56%,1.372
0.42,0.74,0.01346,4.90%,1.356
1.7,4.1,0.27,13.87%,1.35
0.62,0.6,0.05404,-3.79%,1.3
1.44,1.51,0.21,13.11%,1.268
1.19,1.37,0.2,12.32%,1.258
0.56,1.83,0.19,-3.76%,1.252
0.6,0.09961,0.01949,8.34%,1.212
7.77,11.58,3.22,31.90%,1.2
1.18,0.53,0.19,,1.191
1.63,2.68,0.52,13.42%,1.167
6.87,6.23,0.68,9.04%,1.132
0.72,0.69,0.12,,1.124
6.52,8.17,1.44,12.66%,1.118
0.96,2.88,0.29,31.03%,1.095
2.81,3.88,0.74,37.27%,1.06
1.86,4.62,0.18,11.98%,1.034
0.67,2.27,0.15,18.16%,1.034
0.45,0.43,0.07237,10.38%,1.023
6.81,9.27,3.36,,1.0
5.91,20.76,2.21,57.10%,0.981
1.09,2.23,0.38,30.20%,0.978
8.33,37.14,4.42,59.48%,0.972
0.82,1.63,0.1,,0.908
1.15,1.69,0.22,11.84%,0.89
0.15,0.1,-0.02445,-2.33%,0.874
0.38,0.34,0.04819,10.32%,0.792
1.25,1.53,0.16,12.85%,0.784
2.55,5.5,0.85,13.45%,0.768
5.06,16.41,2.32,19.23%,0.744
1.64,1.97,-0.16,55.11%,0.74
1.04,1.56,0.32,32.17%,0.729
0.85,2.41,0.23,43.72%,0.72
1.56,3.88,0.3,14.55%,0.71
7.37,0.79,0.27,3.35%,0.638
0.02065,0.19,0.033549999999999996,33.75%,0.617
4.27,9.04,0.53,31.53%,0.605
1.09,6.73,0.48,43.74%,0.586
2.41,5.82,0.92,30.21%,0.577
0.53,12.48,0.09991,16.65%,0.55
2.55,8.73,1.1,50.92%,0.544
0.55,1.59,0.3,39.26%,0.541
2.36,5.83,1.0,41.71%,0.539
1.13,1.64,0.26,11.88%,0.531
3.89,7.79,1.36,49.21%,0.531
2.69,3.0,0.14,,18.0
12.78,7.15,0.77,6.57%,17.702
9.72,0.64,0.11,0.72%,17.5
14.13,15.5,0.82,5.43%,17.107
10.44,0.51,0.3,,16.901
9.55,22.17,1.26,12.78%,16.808
4.13,1.71,0.2,,16.7
1.35,17.28,0.12,6.81%,16.586
0.94,2.97,0.17,,16.5
11.02,7.35,0.16,0.97%,16.161
12.0,7.26,-0.73,-8.58%,15.745
2.51,2.23,0.25,,15.599
2.94,2.73,0.33,9.85%,15.5
17.87,3.65,0.8,5.30%,15.491
8.16,2.07,-0.42,5.98%,15.2
14.8,4.44,0.96,9.37%,15.0
2.27,2.08,0.19,,14.935
9.72,12.14,0.54,4.53%,14.869
8.49,3.2,0.3,3.69%,14.865
6.37,4.44,0.49,8.40%,14.5
2.12,1.53,-0.04782,3.05%,13.975
12.44,5.48,0.5,7.91%,13.802
7.09,6.81,0.55,6.82%,13.657
0.49,1.02,0.06684999999999999,12.92%,13.236
7.69,5.88,0.32,3.92%,13.0
6.22,1.05,0.0494,4.81%,12.942
2.77,1.47,0.25,9.79%,12.5
7.75,18.51,1.24,17.30%,12.5
9.41,0.57,0.13,1.92%,12.223
5.15,3.65,0.38,4.61%,12.22
2.94,5.95,0.41,,12.0
5.88,1.38,0.26,6.36%,11.625
7.57,6.74,0.51,5.68%,11.569
2.06,2.7,0.24,,11.497
1.73,1.62,0.15,,11.377
5.87,37.12,0.4,6.89%,11.312
21.37,32.63,1.67,6.26%,11.3
5.27,3.29,-0.0297,-3.69%,11.0
4.52,2.43,0.18,3.84%,11.0
14.37,1.7,0.41,3.69%,10.3
2.13,0.21,0.01445,-0.88%,10.06
3.95,3.38,0.11,,9.199
5.85,11.53,0.37,6.66%,9.0
7.42,10.16,1.02,12.84%,8.8
2.32,5.49,0.19,16.61%,8.701
1.49,0.37,0.08813,,8.416
1.68,2.73,0.09689,10.53%,8.3
2.71,1.01,-0.6,,8.239
5.26,4.65,0.34,3.57%,8.0
10.44,2.74,0.24,2.36%,8.0
7.92,3.93,0.51,7.17%,7.934
0.97,1.14,0.07584,9.05%,7.776
0.7,0.1,-0.01381,0.23%,7.6
1.08,0.62,0.0648,4.46%,7.5
1.82,1.34,0.14,7.70%,7.311
4.28,5.7,0.48,3.08%,7.2
1.36,0.2,0.05635,,6.83
15.63,9.27,1.32,8.40%,6.815
1.02,1.52,0.2,8.76%,6.682
2.91,1.63,0.22,,6.508
2.63,3.87,0.51,27.52%,6.5
3.55,8.69,0.38,10.91%,6.5
0.43,0.42,0.03526,8.14%,6.2
2.34,5.0,0.39,16.02%,6.12
21.52,8.58,0.73,3.40%,6.0
0.67,3.76,0.16,32.51%,5.785
2.32,0.29,-0.014,6.31%,5.7
1.35,0.96,0.09096,6.97%,5.616
1.5,0.05553,-0.14,-8.61%,5.574
2.13,0.55,-0.11,,5.567
3.02,4.67,0.16,13.66%,5.46
6.31,3.62,0.23,4.10%,5.29
2.16,0.004059999999999999,-0.2,-9.36%,5.0
0.3,0.1,-0.01399,-3.53%,4.505
1.88,0.28,-0.01976,3.00%,4.5
0.18,0.45,-0.09644,-127.27%,4.318
4.11,21.04,0.92,18.71%,4.2
3.16,0.66,0.00663,1.37%,4.113
1.64,1.88,-0.15,4.56%,3.96
1.2,0.09942,-0.18,-4.94%,3.8
1.76,6.69,0.37,18.27%,3.696
0.65,0.6,-0.00229,,3.648
3.09,1.26,0.24,-4.28%,3.6
3.01,0.26,0.01335,-2.81%,3.363
1.71,10.73,0.55,68.32%,3.129
1.26,1.87,0.28,24.90%,3.1
4.51,0.5,-0.38,,3.042
1.28,0.12,-0.02534,4.14%,3.0
0.97,0.57,0.071,7.27%,2.977
1.41,0.76,0.00941,,2.921
0.86,0.5,0.07271,10.57%,2.831
0.72,6.09,0.01643,2.19%,2.764
2.48,0.54,0.15,5.07%,2.7
1.54,0.03796,-0.06893,-4.72%,2.65
1.55,0.5,-0.15,-21.57%,2.631
1.24,0.62,0.04189,,2.613
0.87,0.29,-0.06479000000000001,13.55%,2.6
4.83,1.11,0.34,6.67%,2.548
1.47,0.4,-0.14,-0.94%,2.5
1.17,0.88,0.09642,15.57%,2.5
8.76,10.13,1.37,17.82%,5.063
6.78,1.91,0.29,,4.932
5.96,4.61,0.0411,3.25%,4.6
3.68,7.43,0.52,17.50%,4.488
2.74,0.81,0.05987,1.20%,4.362
4.62,2.81,0.09942,-12.16%,4.3
1.55,2.3,0.34,23.39%,4.1
0.5,2.57,-0.08528,,3.969
1.21,1.78,-0.04327,-0.50%,3.9
2.56,1.83,0.17,,3.831
18.33,12.12,1.16,8.09%,3.8
5.44,5.55,1.29,21.39%,3.543
28.43,29.59,2.66,6.67%,3.519
4.14,2.76,0.59,12.42%,3.5
9.91,5.63,0.65,-0.71%,3.491
4.96,6.65,0.48,7.90%,3.242
3.05,5.04,0.0928,,3.0
3.24,5.0,1.14,20.72%,2.975
-1.31,0.13,-0.53,-17.10%,2.84
0.37,0.48,0.03164,22.58%,2.719
5.86,3.38,-0.25,-12.05%,2.714
2.81,7.7,0.77,23.65%,2.646
4.23,6.15,0.45,8.98%,2.52
7.37,2.61,0.34,15.15%,2.5
0.73,0.21,-0.08165,-54.91%,2.467
0.48,2.03,0.12,39.18%,2.433
14.46,15.69,2.15,4.90%,2.428
2.14,2.62,0.12,2.64%,2.294
1.55,3.67,0.21,19.04%,2.1
5.58,5.26,0.46,9.52%,2.064
0.48,0.24,0.02078,8.91%,1.991
3.44,5.37,0.19,,1.965
1.01,2.83,0.04477,0.48%,1.874
1.43,1.4,0.083,0.21%,1.7
3.95,3.01,-1.33,-53.92%,1.5
0.26,2.24,0.03295000000000001,9.58%,1.426
1.24,4.58,0.85,76.98%,1.4
0.42,1.17,-0.23,-93.27%,1.367
1.64,0.58,0.08305,4.34%,1.304
1.39,0.55,0.09417,,1.223
1.1,0.97,-0.03296,-5.62%,1.187
2.76,2.1,0.33,2.02%,1.109
1.09,0.55,-0.03973,9.16%,1.091
1.13,0.67,-0.03915,-0.56%,1.083
1.52,6.27,0.38,45.53%,1.001
0.29,0.55,0.08868,31.85%,0.973
1.57,4.42,0.29,32.36%,0.84
2.16,4.36,0.62,20.94%,0.803
1.15,4.32,0.95,-81.91%,0.792
0.45,0.97,-0.15,-85.65%,0.765
9.09,11.37,3.11,10.37%,0.718
0.85,1.07,0.15,12.10%,0.676
0.81,0.32,0.08984,5.73%,0.639
0.22,0.29,0.02623,8.98%,0.626
0.28,0.68,-0.02856,-6.17%,0.612
0.73,0.28,0.052,-10.77%,0.612
0.2,0.54,-0.27,-271.67%,0.59
1.12,5.72,0.82,0.00%,0.589
0.55,1.1,0.11,2.75%,0.578
0.92,1.15,0.02442,4.24%,0.538
1.61,1.43,0.25,,0.5
1.15,4.72,0.9,82.69%,0.496
5.51,6.82,0.95,18.05%,0.494
0.1,0.23,0.02365,-6.10%,0.471
1.21,10.49,0.39,28.81%,0.457
0.89,1.43,0.12,6.86%,0.448
0.93,1.76,0.18,,0.421
0.17,0.16,-0.01086,,0.417
1.01,4.41,0.66,37.30%,0.411
0.47,0.62,0.12,21.76%,0.355
0.52,0.44,0.03297,0.79%,0.355
0.3,0.91,0.07737,22.76%,0.354
0.2,0.4,0.02948,14.71%,0.32
0.7,1.78,0.12,22.57%,0.273
0.28,0.53,0.1,,0.269
0.1,0.3,0.03343,,0.264
0.16,0.00127,-0.09366,-45.96%,0.257
0.57,2.41,0.44,78.38%,0.239
0.36,0.3,-0.00427,-21.27%,0.23
0.24,0.1,0.02617,-3.03%,0.224
1.02,12.71,1.91,0.00%,0.196
0.37,1.85,0.1,23.05%,0.191
0.22,0.24,0.01308,,0.186
0.26,0.41,0.03919,,0.185
0.26,0.68,0.076,0.00%,0.155
0.14,0.04623,-0.0162,-21.46%,0.095
0.006,0.31,-0.49,-98.66%,0.075
,4.36,,,0.066
0.07654,0.21,0.03624,,0.062
3.59,2.17,2.04,112.58%,0.051
0.08349,0.3,-0.028,-61.85%,0.049
0.63,0.42,0.09496,3.73%,0.048
5.03,4.27,0.06433,1.51%,0.012
0.00182,0.00785,0.00033,-41.87%,0.001
20.69,69.68,4.56,,0.0
8.06,6.92,0.77,9.63%,0.0
6.76,10.0,0.89,6.35%,0.0
18.24,11.05,3.11,10.65%,0.0
0.92,0.44,0.00568,-1.49%,0.0
5.42,5.98,0.76,9.95%,0.0
1.08,4.11,0.01869,0.03%,11.704
7.39,6.06,0.7,11.15%,11.43
5.94,9.25,1.1,22.69%,10.381
6.55,11.74,0.91,14.44%,10.2
4.04,5.46,0.19,3.85%,9.346
5.04,4.97,0.28,5.43%,9.333
1.89,1.64,0.21,,9.296
0.79,1.48,0.13,,9.22
5.09,4.77,0.15,5.67%,9.2
4.15,0.9,0.15,-0.70%,9.003
2.61,0.26,0.02961,,8.363
0.31,1.21,-0.15,,8.333
2.26,29.27,0.5,20.98%,8.117
0.67,0.79,0.05553,7.46%,8.04
1.86,2.65,0.09728,5.18%,8.0
0.5,0.06841,-0.00503,-0.16%,8.0
4.55,11.97,0.49,9.75%,7.775
3.3,3.07,0.43,12.04%,7.535
3.51,1.95,0.081,2.68%,7.5
0.46,0.54,0.03692,6.05%,7.4
3.57,28.34,0.99,28.52%,7.313
3.13,1.55,0.29,,7.235
0.86,0.88,0.08105,10.89%,7.062
0.14,0.25,0.00552,8.35%,6.878
4.48,17.25,0.88,17.38%,6.5
7.02,32.24,1.45,19.82%,6.4
5.42,4.89,0.39,3.99%,6.163
1.87,0.54,0.03826,-4.41%,6.075
2.85,2.55,0.28,16.95%,6.0
0.49,0.31,0.00976,2.82%,6.0
0.58,2.56,-0.12,-34.24%,5.952
8.2,11.63,0.2,10.54%,5.8
0.31,0.57,0.00301,,5.718
0.38,0.13,0.01061,2.76%,5.6
0.93,2.66,0.03869,3.56%,5.541
3.17,2.5,0.2,6.50%,5.088
1.55,2.6,0.1,5.74%,5.0
0.46,0.27,0.03487,6.89%,4.931
1.53,6.04,0.19,12.05%,4.906
2.18,3.83,0.27,12.10%,4.833
3.3,6.37,0.44,10.77%,4.745
2.53,6.45,0.41,15.55%,4.589
1.33,4.74,0.34,39.36%,4.433
1.28,19.95,-0.00152,-9.67%,4.204
3.43,1.35,0.05546,1.48%,4.124
3.16,0.66,0.00663,1.37%,4.113
2.39,2.68,-0.28,,4.046
4.36,6.06,0.39,6.80%,4.0
0.46,0.43,0.04707,26.14%,3.7
0.33,0.17,0.01835,5.27%,3.7
2.16,3.17,0.18,,3.604
1.43,1.39,-0.03928,-2.69%,3.55
3.76,5.84,0.12,5.86%,3.547
1.86,5.39,0.18,6.70%,3.4
3.01,0.26,0.01335,-2.81%,3.363
0.99,0.81,0.0155,-2.64%,3.3
0.21,1.24,0.00191,-0.34%,3.219
0.87,0.43,0.00378,-0.02%,3.064
2.62,0.98,0.16,8.90%,3.018
0.93,7.62,0.14,15.27%,2.984
2.06,0.84,0.0842,5.17%,2.883
1.78,0.54,-0.14,5.47%,2.837
2.37,2.96,0.35,31.75%,2.815
1.48,0.39,0.07612,4.18%,2.809
0.21,0.17,-0.11,-70.94%,2.807
0.1,0.07791,0.00206,6.37%,2.713
1.72,0.73,0.1,,2.7
1.56,1.21,0.12,8.08%,2.601
6.27,5.36,0.07809,2.68%,2.6
0.78,0.45,0.05383,3.65%,2.6
0.36,0.58,0.06484,11.45%,2.559
0.18,0.3,0.01211,22.40%,2.372
0.76,2.12,0.11,14.21%,2.3
2.69,6.02,0.27,8.36%,2.272
1.94,1.32,0.3,11.57%,2.23
1.83,0.28,0.04924,3.56%,2.112
2.55,8.21,0.6,23.40%,2.023
1.07,0.008140000000000001,-0.6,-55.73%,1.925
0.28,0.14,-0.02737,-32.04%,1.8
1.03,3.58,0.16,,1.778
0.41,1.23,-0.06777,-19.13%,1.719
0.9,1.29,0.12,11.74%,1.651
0.78,0.61,-0.36,-50.14%,1.644
0.37,0.3,0.01889,3.67%,1.572
3.3,5.15,0.25,6.47%,1.565
0.76,0.7,0.00351,-0.92%,1.453
2.79,1.48,0.03919,9.11%,1.305
0.92,4.77,0.15,14.19%,1.297
0.27,0.18,0.02952,13.97%,1.213
0.48,0.12,-0.09637,,1.1
1.65,1.16,0.25,11.02%,1.079
0.76,5.42,-0.01742,-7.44%,1.011
1.14,0.17,-0.00263,0.00%,0.89
0.34,0.44,-0.34,-82.86%,0.787
0.46,0.12,2e-05,,0.766
0.26,1.59,0.07218,27.96%,0.76
0.55,0.2,0.0122,-4.15%,0.76
0.66,0.7,0.08196,,0.75
0.28,0.27,-0.00872,,0.75
0.47,1.06,0.08098,,0.713
56.52,117.07,8.09,13.08%,118.914
91.28,40.98,7.09,-0.11%,97.0
34.37,14.67,-0.91,-6.63%,94.0
105.03,63.47,12.67,10.15%,65.718
101.88,34.61,0.06953,0.84%,63.213
19.32,19.91,2.45,12.80%,60.601
35.91,18.47,1.81,1.10%,57.069
16.42,1.18,1.14,3.62%,46.511
53.57,75.32,7.62,12.25%,42.042
23.07,3.54,-1.13,6.06%,38.356
29.48,13.74,4.81,6.72%,31.628
14.82,14.21,0.77,6.64%,31.13
15.83,19.9,4.18,32.07%,30.2
16.68,25.77,0.37,,29.986
23.04,48.39,2.75,24.33%,29.45
27.38,10.02,3.74,6.93%,28.367
29.06,73.21,7.78,14.78%,27.859
25.25,74.98,4.34,12.59%,27.423
48.28,20.28,3.07,6.97%,26.415
24.42,35.47,0.69,2.10%,26.01
11.38,1.27,0.78,1.90%,25.605
20.72,4.13,2.09,-1.85%,24.528
6.89,16.71,0.64,10.51%,23.025
64.48,10.02,-11.96,-47.49%,22.481
13.24,12.01,1.21,,22.34
106.84,82.59,37.88,52.75%,21.936
31.03,25.71,4.29,1.76%,19.884
21.72,36.47,4.43,12.59%,19.0
16.39,40.96,4.18,6.13%,17.2
18.98,43.23,2.2,9.45%,16.974
21.16,42.07,4.57,20.37%,15.786
16.72,43.45,2.62,12.76%,15.785
28.11,129.59,10.61,18.28%,15.3
11.76,10.09,1.45,,15.253
14.66,30.64,3.0,19.61%,14.319
7.17,5.26,2.96,,13.884
18.24,5.62,0.54,3.29%,13.655
16.33,26.4,3.12,3.84%,13.388
24.91,60.77,2.87,6.03%,13.37
17.57,16.29,2.03,9.98%,13.231
6.34,4.72,0.14,-2.62%,12.97
11.23,32.84,3.08,29.23%,12.525
12.87,21.53,1.46,12.06%,12.335
15.47,22.68,-0.26,,12.18
12.14,21.94,2.67,7.68%,12.0
14.2,29.53,2.64,10.45%,11.982
1.8,3.9,0.32,14.53%,11.246
6.33,5.13,0.48,,10.829
5.27,8.12,0.7,15.47%,10.795
26.23,64.38,1.82,7.08%,10.55
4.88,3.54,0.68,11.11%,10.482
12.74,21.98,1.56,8.75%,10.102
11.91,20.61,0.58,15.18%,10.0
7.16,2.4,0.51,6.15%,10.0
1.31,1.24,0.13,8.97%,9.911
7.15,18.55,1.81,33.04%,9.67
16.29,4.86,0.88,4.27%,9.415
7.5,19.12,1.9,15.77%,9.244
29.16,19.47,2.93,11.30%,9.225
8.59,18.69,1.54,16.65%,9.2
12.66,11.97,1.42,-1.33%,9.1
8.69,17.38,1.08,11.46%,8.986
9.36,24.2,-2.69,11.20%,8.906
5.31,15.03,1.64,,8.842
7.46,17.21,1.59,10.49%,8.56
5.4,30.65,3.3,60.13%,8.536
2.15,0.94,0.17,,7.888
9.7,86.59,4.0,46.45%,7.75
3.19,9.09,0.42,14.86%,7.603
8.3,13.83,1.06,10.61%,7.6
3.53,3.03,1.15,18.50%,7.58
3.8,4.81,0.77,10.70%,7.229
11.16,19.82,1.36,1.58%,7.153
5.5,12.13,0.81,14.44%,7.117
18.55,21.47,0.55,7.49%,7.09
8.89,24.94,1.53,17.31%,7.022
117.38,22.96,8.03,5.89%,6.754
8.31,19.64,0.92,10.69%,6.527
5.85,16.55,1.37,23.55%,6.503
7.39,2.21,0.48,10.80%,6.315
4.35,5.4,0.1,0.26%,5.98
4.69,8.2,0.59,10.64%,5.861
10.83,10.87,0.97,-6.08%,5.63
3.36,15.96,1.57,46.60%,5.601
7.61,11.73,2.05,5.09%,5.393
1.95,4.05,0.15,8.03%,5.208
1.16,11.09,0.53,48.79%,5.092
2.91,1.97,0.12,-10.95%,5.08
2.83,4.55,1.02,20.70%,5.035
7.12,5.89,1.75,13.72%,4.969
2.97,3.73,0.08529,10.20%,4.926
14.77,24.32,2.0,12.34%,4.91
1.48,0.94,1.1,-5.02%,4.658
5.5,11.82,1.27,13.74%,4.512
2.57,0.93,-0.13,8.35%,4.502
5.06,6.78,1.26,,4.352
0.84,0.5,-0.31,-24.55%,4.049
2.69,4.21,0.25,5.78%,3.951
3.83,5.02,0.78,,3.87
2.03,0.5,0.13,,3.816
